City_ID,City,Lat,Lng,Max Temp,Humidity,Pressure,Cloudiness,Wind Speed,Country,Date
0,tranovaho,,,,,,,,,
1,bethel,41.3712,-73.414,80.96,79.0,1019.0,38.0,1.99,US,1720914814.0
2,st. john's,47.5649,-52.7093,72.79,84.0,1012.0,75.0,17.27,CA,1720915098.0
3,avarua,-21.2078,-159.775,78.85,78.0,1014.0,75.0,11.5,CK,1720915099.0
4,albany,42.6001,-73.9662,81.43,69.0,1019.0,57.0,1.99,US,1720914835.0
5,haiku-pauwela,20.9219,-156.3051,86.02,55.0,1018.0,20.0,26.46,US,1720915102.0
6,silvia,2.611,-76.3785,50.49,89.0,1019.0,52.0,7.65,CO,1720915103.0
7,port-aux-francais,-49.35,70.2167,35.15,64.0,1015.0,72.0,28.07,TF,1720915104.0
8,adamstown,-25.066,-130.1015,65.57,64.0,1016.0,100.0,3.98,PN,1720915106.0
9,kismayo,-0.3582,42.5454,76.42,81.0,1015.0,9.0,16.04,SO,1720915107.0
10,thompson,55.7435,-97.8558,68.16,52.0,1009.0,75.0,6.91,CA,1720915108.0
11,okhotsk,59.3833,143.3,58.62,80.0,1011.0,72.0,9.89,RU,1720915109.0
12,waitangi,-43.9535,-176.5597,49.82,92.0,1033.0,79.0,3.0,NZ,1720915110.0
13,pale,43.8161,18.5694,67.75,68.0,1014.0,0.0,3.44,BA,1720915111.0
14,colonia,50.9333,6.95,58.12,88.0,1014.0,13.0,3.13,DE,1720915113.0
15,riyadh,24.6877,46.7219,93.34,15.0,1000.0,98.0,9.01,SA,1720915018.0
16,isafjordur,66.0755,-23.124,50.14,90.0,1008.0,100.0,12.06,IS,1720915115.0
17,wailua homesteads,22.0669,-159.378,83.19,67.0,1019.0,20.0,18.41,US,1720915116.0
18,port elizabeth,-33.918,25.5701,56.32,95.0,1017.0,28.0,5.01,ZA,1720915117.0
19,blackmans bay,-43.0167,147.3167,46.72,90.0,1012.0,100.0,4.0,AU,1720915119.0
20,orlov,58.5395,48.8917,50.4,72.0,1016.0,92.0,2.39,RU,1720915120.0
21,luderitz,-26.6481,15.1594,54.3,87.0,1025.0,7.0,3.38,NA,1720915121.0
22,chandbali,20.7833,86.7667,84.11,78.0,996.0,100.0,2.35,IN,1720915122.0
23,slatina,44.4333,24.3667,77.45,40.0,1012.0,5.0,8.03,RO,1720915123.0
24,tiksi,71.6872,128.8694,38.41,82.0,1021.0,70.0,10.69,RU,1720915124.0
25,port lincoln,-34.7333,135.8667,54.97,71.0,1021.0,10.0,7.43,AU,1720915126.0
26,cadale,2.7603,46.3222,76.68,85.0,1013.0,11.0,19.84,SO,1720915127.0
27,navapolatsk,55.5363,28.6424,66.38,98.0,1011.0,14.0,5.26,BY,1720915128.0
28,tongliao,43.6125,122.2653,81.72,61.0,1009.0,10.0,4.23,CN,1720915129.0
29,hayma',,,,,,,,,
30,fada,7.25,4.0667,71.28,99.0,1015.0,100.0,2.13,NG,1720915132.0
31,edinburgh of the seven seas,-37.0676,-12.3116,51.1,74.0,1007.0,62.0,45.75,SH,1720915133.0
32,atafu village,-8.5421,-172.5159,83.43,77.0,1011.0,53.0,16.02,TK,1720915134.0
33,altai,46.3722,96.2583,59.67,30.0,1009.0,95.0,2.24,MN,1720915136.0
34,olonkinbyen,70.9221,-8.7187,38.14,95.0,1009.0,87.0,14.97,SJ,1720915137.0
35,puerto natales,-51.7236,-72.4875,33.78,92.0,1018.0,40.0,3.94,CL,1720914954.0
36,college,64.8569,-147.8028,71.92,42.0,998.0,75.0,12.66,US,1720915139.0
37,acapulco de juarez,16.8634,-99.8901,81.59,67.0,1011.0,49.0,3.58,MX,1720915140.0
38,invercargill,-46.4,168.35,40.01,90.0,1028.0,1.0,4.0,NZ,1720915141.0
39,dompu,-8.5356,118.4622,73.49,82.0,1013.0,40.0,4.16,ID,1720915143.0
40,mirnyy,62.5353,113.9611,73.06,57.0,1007.0,1.0,9.44,RU,1720915144.0
41,rudbar,30.15,62.6,86.05,28.0,997.0,2.0,16.13,AF,1720915145.0
42,muzayri',,,,,,,,,
43,howard springs,-12.497,131.047,79.88,83.0,1015.0,94.0,5.93,AU,1720915147.0
44,nemuro,43.3236,145.575,56.68,94.0,1016.0,88.0,3.38,JP,1720915148.0
45,torghay,49.6339,63.4981,68.38,57.0,998.0,92.0,2.62,KZ,1720915150.0
46,longyearbyen,78.2186,15.6401,40.84,93.0,1001.0,75.0,8.05,SJ,1720915151.0
47,bredasdorp,-34.5322,20.0403,44.91,88.0,1017.0,70.0,7.9,ZA,1720915152.0
48,ancud,-41.8697,-73.8203,45.3,91.0,1023.0,49.0,4.14,CL,1720915153.0
49,las vegas,36.175,-115.1372,107.04,16.0,1008.0,75.0,14.97,US,1720914551.0
50,fergus falls,46.283,-96.0776,83.52,84.0,1008.0,20.0,9.22,US,1720915096.0
51,cassilandia,-19.1133,-51.7342,69.98,49.0,1019.0,55.0,3.96,BR,1720915095.0
52,san patricio,28.017,-97.5169,90.32,65.0,1019.0,78.0,11.43,US,1720915158.0
53,carnarvon,-24.8667,113.6333,65.01,68.0,1017.0,1.0,10.47,AU,1720915159.0
54,taiohae,,,,,,,,,
55,vanimo,-2.6741,141.3028,79.5,88.0,1010.0,85.0,2.98,PG,1720915161.0
56,jayapura,-2.5333,140.7,78.19,72.0,1009.0,88.0,2.86,ID,1720915163.0
57,margaret river,-33.95,115.0667,52.43,70.0,1018.0,100.0,10.49,AU,1720915164.0
58,fort st. john,56.2499,-120.8529,64.29,72.0,1012.0,75.0,9.22,CA,1720915165.0
59,puerto san carlos,,,,,,,,,
60,ahau,,,,,,,,,
61,sinabang,2.4803,96.3801,78.93,81.0,1010.0,100.0,0.72,ID,1720915169.0
62,constantia,44.1833,28.65,74.08,60.0,1012.0,5.0,5.64,RO,1720915170.0
63,labuan,5.2767,115.2417,77.36,100.0,1008.0,20.0,0.0,MY,1720915171.0
64,santa elena de uairen,4.6167,-61.1333,67.41,94.0,1016.0,72.0,0.67,VE,1720915172.0
65,letlhakane,-21.4167,25.5833,56.64,21.0,1019.0,11.0,2.21,BW,1720915173.0
66,san luis de la loma,17.2706,-100.8939,85.15,68.0,1012.0,90.0,3.71,MX,1720915175.0
67,keflavik,64.0049,-22.5624,53.87,100.0,1011.0,100.0,24.16,IS,1720915176.0
68,yellowknife,62.456,-114.3525,70.41,46.0,1013.0,20.0,10.36,CA,1720915177.0
69,taulaga,-11.0553,-171.0883,82.04,76.0,1011.0,83.0,13.22,AS,1720915178.0
70,guaduas,5.0669,-74.595,71.2,73.0,1011.0,66.0,4.14,CO,1720915179.0
71,kamina,-8.7386,24.9906,60.75,37.0,1016.0,0.0,2.84,CD,1720915180.0
72,port alfred,-33.5906,26.891,60.64,80.0,1015.0,54.0,11.63,ZA,1720915182.0
73,pingyi,35.5006,117.6308,76.35,74.0,1008.0,33.0,3.87,CN,1720915183.0
74,sambava,-14.2667,50.1667,69.75,88.0,1020.0,61.0,12.12,MG,1720915184.0
75,grytviken,-54.2811,-36.5092,27.1,83.0,986.0,49.0,14.97,GS,1720915150.0
76,porto novo,6.4965,2.6036,78.62,91.0,1014.0,89.0,7.25,BJ,1720915186.0
77,ribeira grande,38.5167,-28.7,65.77,79.0,1016.0,20.0,5.01,PT,1720915187.0
78,'ohonua,,,,,,,,,
79,sarkand,45.41,79.9186,71.24,46.0,1004.0,89.0,4.94,KZ,1720915190.0
80,gustavia,17.8962,-62.8498,85.15,84.0,1018.0,99.0,8.99,BL,1720915191.0
81,bratske,47.865,31.5731,72.18,27.0,1014.0,83.0,3.38,UA,1720915192.0
82,puerto ayora,-0.7393,-90.3518,70.18,88.0,1012.0,90.0,9.31,EC,1720915193.0
83,las palmas,28.4204,-14.0131,66.99,83.0,1014.0,20.0,14.97,ES,1720915195.0
84,kirakira,-10.4544,161.9205,84.43,73.0,1010.0,42.0,4.88,SB,1720915196.0
85,kyzyl-mazhalyk,51.1333,90.6,66.45,52.0,1007.0,39.0,1.59,RU,1720915197.0
86,tetyushi,54.9382,48.8366,57.4,68.0,1014.0,51.0,7.45,RU,1720915198.0
87,qurayyat,31.3318,37.3428,77.18,38.0,1005.0,0.0,9.22,SA,1720915199.0
88,el tigre,8.8875,-64.2454,79.02,76.0,1014.0,96.0,7.56,VE,1720915201.0
89,talnakh,69.4865,88.3972,62.53,84.0,1009.0,98.0,2.21,RU,1720915202.0
90,bilibino,68.0546,166.4372,56.61,69.0,1006.0,100.0,1.34,RU,1720915204.0
91,luau,-10.7073,22.2247,59.34,37.0,1017.0,0.0,4.72,AO,1720915205.0
92,swift current,50.2834,-107.8014,72.41,49.0,1012.0,20.0,0.0,CA,1720915206.0
93,codrington,-38.2667,141.9667,50.68,78.0,1018.0,65.0,6.38,AU,1720915208.0
94,ushuaia,-54.8,-68.3,40.66,81.0,1011.0,40.0,20.71,AR,1720915209.0
95,paulo ramos,-4.2167,-45.1833,79.39,61.0,1013.0,67.0,4.16,BR,1720915211.0
96,aasiaat,68.7098,-52.8699,38.07,91.0,1001.0,100.0,14.79,GL,1720915213.0
97,hermanus,-34.4187,19.2345,49.8,83.0,1017.0,35.0,10.98,ZA,1720915214.0
98,petropavlovsk-kamchatsky,53.0452,158.6483,59.59,67.0,1013.0,75.0,4.47,RU,1720915215.0
99,iskateley,67.6803,53.1512,54.77,92.0,1014.0,98.0,5.79,RU,1720915217.0
100,saint-francois,46.4154,3.9054,52.65,94.0,1015.0,0.0,0.0,FR,1720915219.0
101,alofi,-19.0595,-169.9187,78.69,69.0,1014.0,75.0,12.66,NU,1720915220.0
102,kristinestad,62.2743,21.376,58.1,87.0,1012.0,96.0,8.52,FI,1720915221.0
103,west island,-12.1568,96.8225,80.58,74.0,1012.0,79.0,19.57,CC,1720915222.0
104,khash,28.2211,61.2158,79.93,28.0,1001.0,0.0,4.16,IR,1720915223.0
105,tirmiz,37.2242,67.2783,77.09,50.0,1000.0,0.0,4.61,UZ,1720915225.0
106,hukumati azrah,34.1736,69.6457,54.21,72.0,1006.0,54.0,1.03,AF,1720915226.0
107,papatowai,-46.5619,169.4708,46.04,63.0,1027.0,0.0,6.04,NZ,1720915227.0
108,masindi,1.6744,31.715,66.34,77.0,1013.0,25.0,1.48,UG,1720915228.0
109,katabu,-4.9333,122.5167,76.6,79.0,1012.0,86.0,5.1,ID,1720915229.0
110,saint-pierre,-21.3393,55.4781,64.08,72.0,1024.0,0.0,8.05,RE,1720915230.0
111,pacific grove,36.6177,-121.9166,72.01,81.0,1014.0,20.0,14.97,US,1720915232.0
112,tsiombe,-25.3,45.4833,62.33,83.0,1022.0,0.0,0.67,MG,1720915233.0
113,kodiak,57.79,-152.4072,51.31,93.0,997.0,100.0,3.44,US,1720914975.0
114,tainan,22.9908,120.2133,87.87,61.0,1008.0,40.0,3.44,TW,1720915235.0
115,taoudenni,22.6783,-3.9836,100.74,6.0,1003.0,0.0,9.69,ML,1720915236.0
116,maputo,-25.9653,32.5892,60.48,82.0,1016.0,0.0,3.44,MZ,1720915238.0
117,lebu,-37.6167,-73.65,46.36,88.0,1023.0,38.0,6.55,CL,1720915239.0
118,melenki,55.3343,41.6295,64.81,81.0,1014.0,100.0,5.86,RU,1720915240.0
119,gummi,12.1436,5.1081,80.91,70.0,1012.0,96.0,8.41,NG,1720915241.0
120,mount gambier,-37.8333,140.7667,47.14,90.0,1019.0,32.0,2.75,AU,1720915242.0
121,sturgeon bay,44.8342,-87.377,78.78,60.0,1016.0,0.0,10.36,US,1720915113.0
122,baume-les-dames,47.353,6.3612,54.99,94.0,1015.0,3.0,2.55,FR,1720915245.0
123,mandalgovi,45.7625,106.2708,63.46,67.0,1008.0,100.0,12.48,MN,1720915246.0
124,anadyr,64.75,177.4833,66.7,52.0,1003.0,20.0,13.42,RU,1720915247.0
125,geraldton,-28.7667,114.6,48.61,87.0,1018.0,75.0,10.36,AU,1720915081.0
126,hailar,49.2,119.7,81.82,42.0,1007.0,93.0,15.08,CN,1720915249.0
127,cabo san lucas,22.8909,-109.9124,85.6,81.0,1013.0,15.0,7.0,MX,1720915129.0
128,egilsstadir,65.2653,-14.3948,51.71,76.0,1013.0,0.0,6.91,IS,1720915252.0
129,karratha,-20.7377,116.8463,69.55,56.0,1016.0,3.0,4.97,AU,1720915253.0
130,hawaiian paradise park,19.5933,-154.9731,81.88,73.0,1018.0,100.0,5.75,US,1720915254.0
131,iqaluit,63.7506,-68.5145,51.53,81.0,1008.0,75.0,13.8,CA,1720915003.0
132,ljusdal,61.8288,16.0913,57.15,80.0,1013.0,100.0,6.78,SE,1720915257.0
133,howrah,22.5892,88.3103,82.4,100.0,997.0,75.0,3.44,IN,1720915258.0
134,elliot lake,46.3834,-82.6331,73.8,68.0,1017.0,46.0,7.2,CA,1720915055.0
135,udachny,66.4167,112.4,73.71,60.0,1011.0,96.0,8.86,RU,1720915260.0
136,georgetown,5.4112,100.3354,80.55,79.0,1008.0,20.0,0.0,MY,1720915261.0
137,ilulissat,69.2167,-51.1,42.82,87.0,1001.0,75.0,6.91,GL,1720915263.0
138,jamestown,42.097,-79.2353,80.24,50.0,1020.0,0.0,5.75,US,1720915122.0
139,sungai penuh,-2.0833,101.3833,64.9,92.0,1012.0,30.0,3.04,ID,1720915265.0
140,ust'-kut,56.7938,105.7672,62.6,76.0,1007.0,90.0,5.7,RU,1720915266.0
141,nova vicosa,-17.8919,-39.3719,77.18,51.0,1023.0,62.0,7.45,BR,1720915267.0
142,el dorado,38.7666,-120.5177,95.85,25.0,1013.0,68.0,3.09,US,1720915269.0
143,afaahiti,-17.75,-149.2833,76.87,96.0,1013.0,100.0,18.86,PF,1720915270.0
144,stanley,54.868,-1.6985,52.29,97.0,1011.0,75.0,10.36,GB,1720915271.0
145,lembar,,,,,,,,,
146,hamilton,39.1834,-84.5333,88.43,58.0,1020.0,0.0,8.99,US,1720915016.0
147,kingston,17.997,-76.7936,86.95,74.0,1016.0,20.0,6.91,JM,1720915013.0
148,phan thiet,10.9333,108.1,78.91,82.0,1006.0,88.0,10.63,VN,1720915276.0
149,tarnogskiy gorodok,60.4997,43.5761,59.09,83.0,1013.0,92.0,4.59,RU,1720915277.0
150,matias romero,16.8833,-95.0333,77.61,87.0,1016.0,89.0,13.09,MX,1720915278.0
151,smithers,54.7804,-127.1743,73.72,38.0,1014.0,75.0,12.66,CA,1720915279.0
152,cooper's town,26.8667,-77.5167,84.07,79.0,1022.0,72.0,13.22,BS,1720915281.0
153,nelson bay,-32.7167,152.15,56.1,67.0,1012.0,1.0,3.0,AU,1720915282.0
154,hanceville,34.0607,-86.7675,91.2,56.0,1020.0,76.0,5.32,US,1720915283.0
155,zhezqazghan,47.7833,67.7667,67.44,59.0,999.0,46.0,5.73,KZ,1720915284.0
156,vadso,70.0744,29.7487,52.68,93.0,1019.0,0.0,9.22,NO,1720915285.0
157,tshabong,-26.05,22.45,45.9,44.0,1022.0,0.0,9.35,BW,1720915286.0
158,wuhu,31.3366,118.3755,76.48,97.0,1007.0,100.0,4.43,CN,1720915288.0
159,coquimbo,-29.9533,-71.3436,51.53,79.0,1020.0,40.0,6.91,CL,1720915208.0
160,nikolayevsk-on-amure,53.1406,140.73,67.71,65.0,1011.0,91.0,2.71,RU,1720915290.0
161,dalbandin,28.8947,64.4101,85.35,20.0,998.0,0.0,5.44,PK,1720915292.0
162,saipan,15.1355,145.701,84.63,79.0,1010.0,19.0,17.74,MP,1720915293.0
163,mungwi,-10.1732,31.3694,53.24,75.0,1019.0,0.0,3.33,ZM,1720915294.0
164,klyuchi,52.2667,79.1667,66.97,80.0,1005.0,0.0,5.68,RU,1720915296.0
165,georgievka,49.3314,81.5761,73.47,43.0,1003.0,91.0,13.11,KZ,1720915297.0
166,tura,25.5198,90.2201,76.66,96.0,1000.0,98.0,4.88,IN,1720915298.0
167,carneys point,39.7112,-75.4702,86.77,79.0,1018.0,20.0,1.99,US,1720915299.0
168,sechura,-5.5569,-80.8222,66.65,74.0,1012.0,94.0,17.72,PE,1720915300.0
169,gowurdak,37.8124,66.0466,78.42,24.0,1002.0,3.0,10.16,TM,1720915301.0
170,balabac,7.9868,117.0645,81.16,80.0,1008.0,99.0,11.41,PH,1720915303.0
171,inekar,,,,,,,,,
172,natal,-5.795,-35.2094,74.05,83.0,1016.0,0.0,14.97,BR,1720915136.0
173,cable beach,,,,,,,,,
174,villa mercedes,-33.6757,-65.4578,46.71,35.0,1026.0,0.0,7.87,AR,1720915221.0
175,ponta delgada,37.7333,-25.6667,66.92,77.0,1016.0,20.0,6.91,PT,1720915206.0
176,chonchi,-42.6128,-73.8092,47.41,96.0,1023.0,92.0,1.19,CL,1720915310.0
177,massawa,15.6097,39.45,95.54,49.0,1002.0,91.0,1.48,ER,1720915311.0
178,lambarene,-0.7001,10.2406,71.15,84.0,1015.0,96.0,3.56,GA,1720915312.0
179,esmeralda,21.8525,-78.1169,82.4,79.0,1018.0,82.0,13.06,CU,1720915313.0
180,caleta olivia,-46.4393,-67.5281,47.35,47.0,1018.0,77.0,7.56,AR,1720915297.0
181,coahuayana de hidalgo,18.7,-103.6583,86.7,63.0,1012.0,57.0,5.28,MX,1720915316.0
182,tazovsky,67.4667,78.7,47.59,72.0,1012.0,59.0,12.21,RU,1720915317.0
183,lompoc,34.6391,-120.4579,77.68,78.0,1014.0,86.0,5.01,US,1720915246.0
184,huanta,-12.9333,-74.25,68.4,65.0,1018.0,15.0,7.61,PE,1720915320.0
185,tabira,-7.5908,-37.5394,64.76,81.0,1019.0,93.0,9.6,BR,1720915321.0
186,greymouth,-42.4667,171.2,50.94,60.0,1026.0,0.0,7.61,NZ,1720915322.0
187,grantsville,40.5999,-112.4644,101.01,15.0,1010.0,0.0,6.91,US,1720915172.0
188,machico,32.7,-16.7667,71.13,84.0,1018.0,20.0,2.3,PT,1720915325.0
189,campbell river,50.0163,-125.2446,84.58,34.0,1014.0,20.0,9.22,CA,1720915205.0
190,hotan,37.0997,79.9269,79.32,27.0,999.0,100.0,6.58,CN,1720915327.0
191,i-n-salah,27.1935,2.4607,98.19,9.0,1008.0,0.0,15.59,DZ,1720915328.0
192,moyale,3.5167,39.0584,66.94,74.0,1016.0,83.0,13.69,KE,1720915329.0
193,laojunmiao,39.8333,97.7333,58.93,77.0,1009.0,76.0,7.07,CN,1720915331.0
194,uturoa,-16.7333,-151.4333,79.65,81.0,1012.0,83.0,14.29,PF,1720915332.0
195,lyantor,61.6195,72.1555,56.01,89.0,1011.0,75.0,13.49,RU,1720915333.0
196,punta arenas,-53.15,-70.9167,44.71,76.0,1015.0,75.0,26.46,CL,1720915334.0
197,kachia,9.8667,7.95,69.26,97.0,1015.0,98.0,3.38,NG,1720915335.0
198,kuala tungkal,-0.8167,103.4667,75.87,83.0,1009.0,94.0,6.93,ID,1720915337.0
199,touros,-5.1989,-35.4608,74.43,83.0,1016.0,46.0,14.23,BR,1720915338.0
200,kerikeri,-35.2268,173.9474,58.91,85.0,1021.0,100.0,18.99,NZ,1720915339.0
201,sengkang,-4.1279,120.0297,75.45,90.0,1012.0,65.0,3.22,ID,1720915340.0
202,new norfolk,-42.7826,147.0587,47.91,87.0,1012.0,100.0,4.0,AU,1720915342.0
203,nar'yan-mar,67.6713,53.087,54.77,92.0,1014.0,98.0,5.86,RU,1720915343.0
204,madre de deus,-12.7408,-38.6208,77.05,77.0,1021.0,30.0,11.14,BR,1720915344.0
205,frolovo,49.7713,43.6622,61.21,46.0,1014.0,22.0,8.5,RU,1720915345.0
206,simanggang,1.2472,111.4528,75.18,94.0,1009.0,71.0,2.3,MY,1720915346.0
207,ketchikan,55.3422,-131.6461,65.34,78.0,1022.0,100.0,1.1,US,1720915348.0
208,galveston,29.3669,-94.9669,82.04,79.0,1020.0,100.0,1.99,US,1720915297.0
209,hithadhoo,-0.6,73.0833,83.1,74.0,1008.0,100.0,4.88,MV,1720915350.0
210,ataq,14.5377,46.8319,80.58,44.0,1006.0,100.0,6.38,YE,1720915351.0
211,parramos,14.6078,-90.8031,71.92,89.0,1018.0,50.0,5.77,GT,1720915352.0
212,rio grande,-32.035,-52.0986,50.11,85.0,1030.0,100.0,14.05,BR,1720915353.0
213,igarka,67.4667,86.5833,62.82,80.0,1008.0,83.0,0.94,RU,1720915354.0
214,teshi old town,5.5836,-0.1072,77.56,88.0,1015.0,75.0,9.22,GH,1720915356.0
215,nova venecia,-18.7106,-40.4006,66.18,68.0,1024.0,14.0,3.22,BR,1720915285.0
216,vila velha,-20.3297,-40.2925,69.94,92.0,1024.0,20.0,1.99,BR,1720915269.0
217,talara,-4.5772,-81.2719,64.83,89.0,1012.0,99.0,19.37,PE,1720915359.0
218,pakxan,18.3778,103.6601,80.92,93.0,1004.0,93.0,3.06,LA,1720915360.0
219,walvis bay,-22.9575,14.5053,52.09,75.0,1023.0,0.0,10.94,NA,1720915362.0
220,khovd,48.0056,91.6419,69.91,40.0,1007.0,47.0,2.93,MN,1720915363.0
221,pangody,65.85,74.4859,51.13,67.0,1014.0,98.0,9.44,RU,1720915185.0
222,kone,-21.0595,164.8658,77.29,71.0,1011.0,98.0,4.63,NC,1720915365.0
223,richards bay,-28.783,32.0377,61.12,34.0,1013.0,0.0,7.78,ZA,1720915366.0
224,bandon,51.7469,-8.7425,58.59,92.0,1013.0,20.0,2.24,IE,1720915368.0
225,leava,-14.3,-178.1667,80.24,83.0,1011.0,100.0,12.93,WF,1720915369.0
226,derzhavinsk,51.1,66.3167,64.35,74.0,1001.0,86.0,9.01,KZ,1720915370.0
227,kruisfontein,-34.0033,24.7314,48.88,87.0,1017.0,14.0,11.81,ZA,1720915371.0
228,bafra,41.5678,35.9069,72.48,71.0,1007.0,12.0,6.87,TR,1720915372.0
229,changsu,35.6484,127.5152,71.13,96.0,1009.0,100.0,3.94,KR,1720915373.0
230,malango,-2.9627,119.9001,68.32,96.0,1014.0,100.0,1.61,ID,1720915375.0
231,tamale,9.4008,-0.8393,77.05,79.0,1013.0,95.0,6.04,GH,1720915356.0
232,yangor,,,,,,,,,
233,hirtshals,57.5881,9.9592,58.59,97.0,1008.0,100.0,12.26,DK,1720915378.0
234,daru,-9.0763,143.2092,78.28,65.0,1013.0,100.0,10.71,PG,1720915379.0
235,ust-nera,64.5667,143.2,60.13,84.0,1011.0,100.0,10.18,RU,1720915381.0
236,sejenane,37.0572,9.2381,72.55,52.0,1011.0,1.0,2.13,TN,1720915382.0
237,san francisco de la paz,14.9,-86.2,85.71,84.0,1016.0,89.0,4.21,HN,1720915383.0
238,hadibu,12.65,54.0333,79.77,82.0,1004.0,45.0,24.99,YE,1720915384.0
239,saint-philippe,-21.3585,55.7679,63.99,78.0,1024.0,40.0,9.28,RE,1720915385.0
240,port mathurin,-19.6833,63.4167,73.83,67.0,1021.0,58.0,23.64,MU,1720915386.0
241,fale old settlement,-9.3852,-171.2468,83.1,77.0,1011.0,76.0,14.61,TK,1720915388.0
242,badger,64.8,-147.5333,70.0,49.0,998.0,100.0,1.01,US,1720915389.0
243,bac lieu,9.285,105.7244,78.46,85.0,1007.0,100.0,14.61,VN,1720915390.0
244,klaksvik,62.2266,-6.589,50.92,86.0,1019.0,4.0,9.69,FO,1720915391.0
245,wuxue,29.8506,115.5525,77.54,97.0,1006.0,100.0,3.24,CN,1720915392.0
246,weyburn,49.6668,-103.8511,75.42,41.0,1012.0,58.0,5.75,CA,1720915298.0
247,kiuruvesi,63.65,26.6167,54.55,98.0,1016.0,12.0,5.35,FI,1720915395.0
248,mount pearl,47.5166,-52.7813,71.94,86.0,1012.0,75.0,17.27,CA,1720915396.0
249,tanuma,36.3667,139.5833,79.86,66.0,1014.0,100.0,4.05,JP,1720915312.0
250,kralendijk,12.15,-68.2667,84.18,74.0,1014.0,40.0,16.11,BQ,1720915299.0
251,utrik,11.2278,169.8474,82.08,84.0,1011.0,71.0,22.64,MH,1720915399.0
252,manokwari,-0.8667,134.0833,80.8,80.0,1009.0,94.0,4.61,ID,1720915400.0
253,yuzhno-kurilsk,44.0306,145.8556,64.63,76.0,1016.0,5.0,1.61,RU,1720915402.0
254,sumenep,-7.0167,113.8667,80.98,60.0,1011.0,79.0,10.8,ID,1720915403.0
255,myaydo,19.3667,95.2167,77.45,92.0,1003.0,100.0,7.07,MM,1720915404.0
256,rubtsovsk,51.5,81.25,64.9,91.0,1004.0,1.0,9.91,RU,1720915405.0
257,aykhal,66.0,111.5,71.58,63.0,1011.0,98.0,8.16,RU,1720915406.0
258,zhanaozen,43.3,52.8,70.97,46.0,1005.0,0.0,17.18,KZ,1720915407.0
259,washington,47.5001,-120.5015,98.06,17.0,1007.0,0.0,9.17,US,1720915374.0
260,kristiansund,63.1115,7.732,57.25,93.0,1012.0,16.0,5.75,NO,1720915410.0
261,bobo-dioulasso,11.1771,-4.2979,79.25,78.0,1013.0,20.0,4.61,BF,1720915411.0
262,tchintabaraden,15.8969,5.7985,92.75,39.0,1010.0,75.0,15.88,NE,1720915412.0
263,kapa'a,22.0752,-159.319,84.18,67.0,1019.0,82.0,5.99,US,1720915413.0
264,lihue,21.9789,-159.3672,83.44,69.0,1019.0,68.0,15.01,US,1720915414.0
265,kolonia,50.9333,6.95,57.96,88.0,1014.0,13.0,3.13,DE,1720915416.0
266,qaqortoq,60.7167,-46.0333,40.51,93.0,1000.0,100.0,2.86,GL,1720915417.0
267,guerrero negro,27.9769,-114.0611,74.53,65.0,1012.0,14.0,14.9,MX,1720915418.0
268,adrar,20.5022,-10.0711,93.63,26.0,1007.0,50.0,17.78,MR,1720915419.0
269,rongelap,11.1635,166.8941,82.76,83.0,1010.0,93.0,22.93,MH,1720915421.0
270,bardai,11.65,7.2333,73.56,82.0,1013.0,91.0,9.33,NG,1720915422.0
271,whitehorse,60.7161,-135.0538,61.57,48.0,1012.0,75.0,19.57,CA,1720915423.0
272,saint croix,17.7397,-64.7388,81.95,88.0,1018.0,100.0,5.01,VI,1720915424.0
273,happy valley-goose bay,53.3168,-60.3315,68.31,40.0,1014.0,20.0,12.66,CA,1720915426.0
274,carqueiranne,43.0953,6.073,72.07,49.0,1011.0,73.0,11.9,FR,1720915427.0
275,steinbach,50.1667,8.5667,61.34,78.0,1014.0,18.0,4.61,DE,1720915428.0
276,hinatuan,8.3722,126.3342,79.11,87.0,1009.0,97.0,6.15,PH,1720915429.0
277,sernur,56.9333,49.1536,50.18,75.0,1016.0,68.0,3.24,RU,1720915430.0
278,port hueneme,34.1478,-119.1951,86.45,74.0,1014.0,0.0,6.91,US,1720915431.0
279,savanna-la-mar,18.219,-78.1332,85.95,85.0,1016.0,85.0,2.35,JM,1720915433.0
280,yanbu,24.0891,38.0637,102.24,12.0,1001.0,0.0,12.66,SA,1720915367.0
281,ofunato,39.0717,141.7167,74.48,67.0,1016.0,95.0,4.83,JP,1720915435.0
282,mossel bay,-34.1831,22.146,51.73,70.0,1018.0,89.0,10.49,ZA,1720915436.0
283,queenstown,-31.8976,26.8753,47.7,35.0,1017.0,62.0,7.61,ZA,1720915437.0
284,tolanaro,-25.0319,46.9987,69.87,78.0,1022.0,0.0,16.11,MG,1720915438.0
285,calvinia,-31.4707,19.776,39.94,89.0,1023.0,92.0,12.41,ZA,1720915440.0
286,alice springs,-23.7,133.8833,49.55,62.0,1023.0,14.0,2.3,AU,1720915377.0
287,tamanrasset,22.785,5.5228,80.51,34.0,1013.0,40.0,6.91,DZ,1720915442.0
288,rauma,61.1272,21.5113,66.24,82.0,1010.0,100.0,8.84,FI,1720915443.0
289,coruripe,-10.1256,-36.1756,72.68,83.0,1019.0,53.0,13.02,BR,1720915444.0
290,cortez,37.3489,-108.5859,83.16,24.0,1016.0,0.0,18.41,US,1720915446.0
291,moose jaw,50.4001,-105.5344,77.25,33.0,1012.0,66.0,5.75,CA,1720915168.0
292,banjar,-8.19,114.9675,74.08,74.0,1013.0,1.0,4.94,ID,1720915448.0
293,nato,13.6105,123.5356,82.72,85.0,1009.0,95.0,3.67,PH,1720915449.0
294,guiuan,11.0333,125.7247,81.63,81.0,1008.0,82.0,7.25,PH,1720915450.0
295,madang,-5.2246,145.7966,78.3,90.0,1009.0,100.0,1.5,PG,1720915451.0
296,ust-tsilma,65.441,52.1498,56.59,84.0,1015.0,100.0,3.13,RU,1720915453.0
297,nuku'alofa,-21.1333,-175.2,73.74,83.0,1016.0,40.0,12.66,TO,1720915454.0
298,illizi,26.4833,8.4667,91.2,13.0,1011.0,0.0,8.28,DZ,1720915455.0
299,el nido,11.1858,119.3956,81.16,85.0,1008.0,100.0,12.84,PH,1720915456.0
300,hami,42.8,93.45,76.51,42.0,1004.0,3.0,6.2,CN,1720915457.0
301,vilyuchinsk,52.9306,158.4028,61.07,82.0,1013.0,94.0,3.0,RU,1720915458.0
302,qapqal,,,,,,,,,
303,am djarass,,,,,,,,,
304,fort bragg,35.139,-79.006,91.13,68.0,1018.0,20.0,4.61,US,1720915462.0
305,prince rupert,54.3161,-130.3201,62.69,79.0,1022.0,0.0,11.5,CA,1720915463.0
306,lambton shores,,,,,,,,,
307,mongar,27.2747,91.2396,71.96,98.0,1004.0,100.0,1.9,BT,1720915466.0
308,olinda,-8.0089,-34.8553,78.53,69.0,1018.0,0.0,16.11,BR,1720915286.0
309,east london,-33.0153,27.9116,64.83,77.0,1014.0,55.0,12.77,ZA,1720915232.0
310,cole harbour,44.6724,-63.4751,72.97,87.0,1017.0,88.0,16.11,CA,1720915389.0
311,vernon,50.2581,-119.2691,99.3,17.0,1009.0,15.0,8.81,CA,1720915470.0
312,polyarnyy,69.1989,33.4478,46.02,86.0,1020.0,0.0,3.04,RU,1720915472.0
313,turpan,42.9333,89.1667,90.61,24.0,1000.0,0.0,8.95,CN,1720915473.0
314,spring creek,40.7266,-115.5859,92.89,17.0,1010.0,97.0,5.01,US,1720915474.0
315,el calafate,-50.3408,-72.2768,35.51,64.0,1019.0,55.0,1.86,AR,1720915475.0
316,brookings,44.3114,-96.7984,88.18,76.0,1010.0,0.0,4.61,US,1720915476.0
317,khorixas,-20.3667,14.9667,50.52,53.0,1021.0,0.0,2.3,NA,1720915477.0
318,desnogorsk,54.1508,33.2815,69.94,87.0,1013.0,19.0,5.14,RU,1720915479.0
319,iquique,-20.2208,-70.1431,59.04,80.0,1019.0,45.0,4.05,CL,1720915320.0
320,tatvan,38.5067,42.2817,63.86,36.0,1004.0,0.0,3.65,TR,1720915481.0
321,xining,36.6167,101.7667,59.09,78.0,1008.0,97.0,2.13,CN,1720915482.0
322,saldanha,-33.0117,17.9442,50.05,77.0,1019.0,21.0,18.84,ZA,1720915483.0
323,razdol'noye,45.7708,33.4878,69.94,52.0,1012.0,89.0,7.56,UA,1720915485.0
324,alotau,-10.3069,150.4462,78.85,62.0,1013.0,76.0,5.88,PG,1720915486.0
325,freetown,8.484,-13.2299,76.71,94.0,1014.0,75.0,6.91,SL,1720915487.0
326,tralee,52.2704,-9.7026,52.68,98.0,1013.0,11.0,0.69,IE,1720915488.0
327,tipton,52.5296,-2.0677,54.64,92.0,1013.0,94.0,5.61,GB,1720915489.0
328,tamiahua,21.2667,-97.45,83.1,79.0,1018.0,57.0,7.92,MX,1720915272.0
329,mar del plata,-38.0023,-57.5575,48.87,58.0,1030.0,0.0,7.0,AR,1720915320.0
330,qusmuryn,52.4503,64.6311,65.86,85.0,1002.0,76.0,11.43,KZ,1720915493.0
331,rio san juan,19.6439,-70.0763,80.71,84.0,1018.0,88.0,7.54,DO,1720915494.0
332,kaihua,23.3687,104.28,68.34,93.0,1007.0,100.0,4.88,CN,1720915495.0
333,solleftea,63.1667,17.2667,53.46,91.0,1015.0,42.0,3.53,SE,1720915496.0
334,kyzyl-suu,42.3414,78.0056,59.74,65.0,1007.0,97.0,5.44,KG,1720915498.0
335,banikoara,11.2985,2.4386,77.02,77.0,1013.0,48.0,4.68,BJ,1720915499.0
336,enewetak,11.3474,162.3373,83.68,81.0,1010.0,48.0,20.22,MH,1720915500.0
337,remire-montjoly,4.9167,-52.2667,77.04,94.0,1014.0,0.0,4.61,GF,1720915501.0
338,bairnsdale,-37.8333,147.6167,49.05,83.0,1013.0,87.0,1.99,AU,1720915502.0
339,christchurch,-43.5333,172.6333,49.95,89.0,1029.0,100.0,3.44,NZ,1720915210.0
340,port glaud,,,,,,,,,
341,raduzhnyy,62.0961,77.475,61.93,85.0,1009.0,99.0,4.25,RU,1720915506.0
342,hilo,19.7297,-155.09,84.94,77.0,1018.0,100.0,8.05,US,1720915507.0
343,youghal,51.95,-7.8506,58.21,100.0,1013.0,95.0,3.78,IE,1720915508.0
344,mersing,2.4312,103.8405,76.91,94.0,1009.0,20.0,8.05,MY,1720915510.0
345,suva,-18.1416,178.4415,78.28,78.0,1013.0,75.0,6.91,FJ,1720915511.0
346,conception bay south,47.4999,-52.9981,72.55,88.0,1012.0,51.0,12.57,CA,1720915512.0
347,taroa,8.7058,171.2275,83.19,80.0,1010.0,46.0,14.2,MH,1720915513.0
348,kantagi,43.5264,68.5775,71.87,42.0,999.0,42.0,3.31,KZ,1720915514.0
349,sao luiz gonzaga,-28.4083,-54.9608,47.08,98.0,1026.0,100.0,5.01,BR,1720915515.0
350,revda,56.801,59.9303,52.95,98.0,1013.0,7.0,4.0,RU,1720915517.0
351,san pedro pochutla,15.7333,-96.4667,87.71,73.0,1011.0,72.0,5.37,MX,1720915518.0
352,newman,37.3138,-121.0208,110.79,10.0,1007.0,70.0,7.45,US,1720915345.0
353,drammen,59.7439,10.2045,61.14,95.0,1010.0,100.0,3.89,NO,1720915520.0
354,ivdel',60.6911,60.4206,49.87,83.0,1017.0,92.0,1.88,RU,1720915521.0
355,labrador city,52.9463,-66.9114,66.18,36.0,1014.0,75.0,38.99,CA,1720915523.0
356,ballina,-28.8667,153.5667,53.78,61.0,1013.0,20.0,8.61,AU,1720915524.0
357,gizo,-8.103,156.8419,83.07,75.0,1009.0,28.0,0.13,SB,1720915525.0
358,castillos,-34.1667,-53.8333,39.11,89.0,1032.0,0.0,2.66,UY,1720915526.0
359,sungai raya,0.7,108.9,78.06,82.0,1009.0,90.0,10.31,ID,1720915527.0
360,korla,41.7597,86.1469,80.53,33.0,1002.0,1.0,10.29,CN,1720915528.0
361,al bayda',32.7627,21.7551,71.58,62.0,1013.0,0.0,4.23,LY,1720915530.0
362,berber,18.0216,33.983,93.6,33.0,1006.0,12.0,10.18,SD,1720915531.0
363,tomatlan,19.9333,-105.25,87.19,59.0,1012.0,61.0,6.04,MX,1720915532.0
364,nizhneangarsk,55.7833,109.55,50.11,96.0,1009.0,100.0,2.64,RU,1720915533.0
365,kapuskasing,49.4169,-82.4331,86.09,51.0,1011.0,20.0,13.8,CA,1720915381.0
366,sisimiut,66.9395,-53.6735,40.21,89.0,1002.0,100.0,11.63,GL,1720915535.0
367,genhe,50.7833,121.5167,75.72,43.0,1008.0,89.0,5.88,CN,1720915537.0
368,japaratuba,-10.5933,-36.9403,76.28,91.0,1020.0,72.0,5.5,BR,1720915538.0
369,ghanzi,-21.5667,21.7833,59.9,13.0,1018.0,36.0,9.89,BW,1720915539.0
370,burang,30.25,81.1667,43.7,91.0,1013.0,35.0,2.66,CN,1720915540.0
371,siwa oasis,29.2041,25.5195,86.05,30.0,1009.0,0.0,6.98,EG,1720915541.0
372,midvagur,62.0511,-7.1939,50.83,81.0,1020.0,16.0,3.44,FO,1720915542.0
373,lynn haven,30.2455,-85.6483,89.02,76.0,1020.0,100.0,4.0,US,1720915312.0
374,taiynsha,53.8478,69.7639,64.96,88.0,1006.0,82.0,6.24,KZ,1720915545.0
375,lincoln city,44.9582,-124.0179,78.44,76.0,1016.0,23.0,14.0,US,1720915546.0
376,kuanda,56.3161,116.0806,68.41,86.0,1002.0,97.0,0.54,RU,1720915547.0
377,berezovyy,51.6667,135.7,73.94,53.0,1012.0,6.0,2.19,RU,1720915548.0
378,horqueta,-23.3428,-57.0597,48.0,95.0,1027.0,100.0,4.45,PY,1720915549.0
379,mhamid,29.82,-5.72,99.34,9.0,1008.0,32.0,6.17,MA,1720915551.0
380,gbarnga,6.9956,-9.4722,70.93,99.0,1015.0,100.0,2.75,LR,1720915552.0
381,san juan de uraba,8.7592,-76.5297,81.0,85.0,1010.0,76.0,5.93,CO,1720915553.0
382,kulia village,,,,,,,,,
383,fort mcmurray,56.7268,-111.381,72.99,35.0,1011.0,0.0,6.91,CA,1720915257.0
384,ercis,39.0287,43.3586,68.38,51.0,1004.0,0.0,6.46,TR,1720915557.0
385,mongu,-15.2484,23.1274,53.62,31.0,1020.0,0.0,5.17,ZM,1720915558.0
386,kerouane,9.2667,-9.0167,70.39,99.0,1015.0,100.0,2.73,GN,1720915559.0
387,at taj,24.2049,23.2857,87.22,23.0,1010.0,0.0,10.42,LY,1720915560.0
388,bathsheba,13.2167,-59.5167,83.01,89.0,1016.0,40.0,16.11,BB,1720915562.0
389,la passe,45.5549,-0.8967,59.23,82.0,1014.0,21.0,7.61,FR,1720915563.0
390,sola,-13.8833,167.55,80.58,79.0,1010.0,75.0,5.88,VU,1720915564.0
391,shimoda,34.6667,138.95,77.36,87.0,1014.0,100.0,6.04,JP,1720915565.0
392,enriquillo,17.9,-71.2333,87.48,85.0,1018.0,100.0,12.93,DO,1720915566.0
393,kenora,49.8167,-94.4337,77.97,65.0,1009.0,75.0,4.61,CA,1720915551.0
394,iida,35.5197,137.8207,72.03,100.0,1016.0,97.0,2.57,JP,1720915569.0
395,al bawiti,28.3492,28.8659,83.07,34.0,1008.0,0.0,9.24,EG,1720915570.0
396,nova sintra,14.8667,-24.7167,76.14,81.0,1014.0,100.0,8.84,CV,1720915571.0
397,mejit,10.2753,170.8646,82.49,83.0,1010.0,90.0,21.63,MH,1720915572.0
398,coronel dorrego,-38.7187,-61.2873,42.03,59.0,1027.0,4.0,11.1,AR,1720915573.0
399,uray,60.1247,64.7758,49.59,93.0,1015.0,1.0,6.13,RU,1720915575.0
400,mogocha,53.7333,119.7667,66.43,91.0,1005.0,100.0,3.83,RU,1720915576.0
401,vanino,49.0869,140.2543,69.21,69.0,1013.0,47.0,3.69,RU,1720915577.0
402,qui nhon,13.7667,109.2333,78.04,87.0,1004.0,100.0,8.32,VN,1720915578.0
403,rikaze,29.25,88.8833,58.96,53.0,1002.0,56.0,2.82,CN,1720915579.0
404,waingapu,-9.6567,120.2641,75.74,68.0,1014.0,7.0,9.93,ID,1720915580.0
405,fort stockton,30.894,-102.8793,89.17,43.0,1016.0,58.0,5.99,US,1720915582.0
406,tosontsengel,48.7567,98.2839,56.32,55.0,1011.0,0.0,1.43,MN,1720915583.0
407,dudinka,69.4058,86.1778,58.59,89.0,1009.0,74.0,5.84,RU,1720915584.0
408,gemena,3.25,19.7667,71.91,94.0,1013.0,98.0,2.13,CD,1720915585.0
409,ta`u,-14.2336,-169.5144,79.47,69.0,1012.0,100.0,1.95,AS,1720915586.0
410,santa rosa misiones,-26.8667,-56.85,41.56,97.0,1028.0,35.0,2.95,PY,1720915587.0
411,tashtyp,52.7939,89.8983,62.42,86.0,1008.0,44.0,0.69,RU,1720915589.0
412,salinas,36.6777,-121.6555,76.01,75.0,1014.0,75.0,14.97,US,1720915546.0
413,fortuna,40.5982,-124.1573,58.98,88.0,1013.0,75.0,11.5,US,1720915591.0
414,arawa,-6.2132,155.5367,87.33,67.0,1010.0,92.0,1.25,PG,1720915592.0
415,isla vista,34.4133,-119.861,81.0,55.0,1014.0,77.0,6.38,US,1720915384.0
416,hernando,28.5419,-82.4582,87.85,73.0,1020.0,40.0,4.61,US,1720915001.0
417,zhuanghe,39.7008,122.9911,75.9,79.0,1010.0,87.0,9.24,CN,1720915596.0
418,loukhi,66.0764,33.0381,51.33,78.0,1019.0,100.0,5.12,RU,1720915597.0
419,challapata,-18.9,-66.7667,40.8,18.0,1019.0,3.0,2.08,BO,1720915598.0
420,bandarbeyla,9.4942,50.8122,78.55,78.0,1008.0,42.0,28.81,SO,1720915599.0
421,goz beida,13.95,20.55,80.73,63.0,1013.0,100.0,11.48,TD,1720915600.0
422,saint-joseph,-21.3667,55.6167,62.98,76.0,1024.0,16.0,9.73,RE,1720915601.0
423,weno,7.4515,151.8468,78.75,89.0,1009.0,100.0,9.22,FM,1720915603.0
424,uttarkashi,30.7333,78.45,62.83,91.0,1004.0,14.0,3.09,IN,1720915604.0
425,sovetskiy,61.3614,63.5842,48.49,91.0,1016.0,5.0,5.23,RU,1720915605.0
426,rio tuba,8.5061,117.4317,80.92,83.0,1008.0,100.0,7.11,PH,1720915606.0
427,humaita,-7.5061,-63.0208,77.07,55.0,1013.0,71.0,3.44,BR,1720915383.0
428,sao gabriel da cachoeira,-0.1303,-67.0892,72.77,98.0,1014.0,54.0,1.88,BR,1720915609.0
429,geneseo,42.7959,-77.8169,78.62,63.0,1020.0,1.0,4.14,US,1720915425.0
430,sodankyla,67.4167,26.6,49.87,89.0,1019.0,0.0,3.65,FI,1720915611.0
431,holualoa,19.6228,-155.9522,80.55,78.0,1017.0,100.0,6.91,US,1720915612.0
432,inza,53.8533,46.3586,53.53,69.0,1015.0,66.0,3.76,RU,1720915613.0
433,kirensk,57.7853,108.1119,60.01,97.0,1006.0,100.0,6.49,RU,1720915615.0
434,juneau,58.3019,-134.4197,54.41,98.0,1020.0,100.0,16.11,US,1720915616.0
435,urgup,38.6304,34.9116,70.05,73.0,1007.0,13.0,5.21,TR,1720915617.0
436,sittwe,20.15,92.9,80.47,88.0,1000.0,95.0,16.37,MM,1720915618.0
437,torres,-29.3353,-49.7269,59.86,95.0,1028.0,100.0,5.91,BR,1720915619.0
438,brak,27.5496,14.2714,88.86,18.0,1010.0,0.0,5.44,LY,1720915620.0
439,la'ie,21.6477,-157.9253,85.96,77.0,1018.0,61.0,5.99,US,1720915622.0
440,amasra,41.7463,32.3863,73.76,82.0,1009.0,0.0,9.51,TR,1720915623.0
441,bitkine,11.9801,18.2138,82.6,62.0,1012.0,80.0,3.78,TD,1720915624.0
442,bukama,-9.2,25.85,68.83,32.0,1014.0,0.0,2.55,CD,1720915625.0
443,dwarka,22.2394,68.9678,83.97,82.0,999.0,100.0,22.01,IN,1720915626.0
444,taltal,-25.4,-70.4833,59.02,66.0,1018.0,1.0,0.49,CL,1720915628.0
445,elista,46.3078,44.2558,63.12,31.0,1011.0,0.0,6.71,RU,1720915629.0
446,balkanabat,39.5108,54.3671,71.49,42.0,1007.0,0.0,10.0,TM,1720915630.0
447,long beach,33.767,-118.1892,85.24,70.0,1013.0,0.0,14.97,US,1720915582.0
448,imbituba,-28.24,-48.6703,60.85,96.0,1027.0,100.0,3.44,BR,1720915387.0
449,benjamin constant,-4.3831,-70.0311,73.53,79.0,1014.0,86.0,2.86,BR,1720915634.0
450,homa bay,-0.5273,34.4571,65.8,75.0,1015.0,4.0,4.03,KE,1720915635.0
451,palikir - national government center,6.9248,158.1611,81.45,89.0,1009.0,100.0,6.91,FM,1720915636.0
452,cockburn town,21.4612,-71.1419,84.16,79.0,1019.0,75.0,16.11,TC,1720915561.0
453,tevragh zeina,,,,,,,,,
454,vorgashor,67.5833,63.95,49.84,78.0,1016.0,19.0,6.44,RU,1720915639.0
455,sucre,-19.0333,-65.2627,51.04,53.0,1017.0,0.0,5.91,BO,1720915641.0
456,arraial do cabo,-22.9661,-42.0278,71.13,88.0,1024.0,98.0,4.36,BR,1720915565.0
457,flin flon,54.7682,-101.865,74.66,30.0,1009.0,10.0,9.51,CA,1720915643.0
458,sankt veit an der glan,46.7681,14.3603,67.42,82.0,1013.0,20.0,2.3,AT,1720915644.0
459,zaozersk,69.4005,32.4476,45.84,88.0,1020.0,0.0,3.0,RU,1720915645.0
460,susuman,62.7833,148.1667,73.87,37.0,1006.0,89.0,3.29,RU,1720915646.0
461,bubaque,11.2833,-15.8333,81.21,80.0,1013.0,100.0,8.08,GW,1720915648.0
462,dar naim,,,,,,,,,
463,rawai,7.7797,98.3253,85.98,89.0,1007.0,100.0,18.79,TH,1720915650.0
464,tandalti,13.0167,31.8667,79.92,63.0,1011.0,88.0,6.26,SD,1720915651.0
465,port saint john's,-31.6229,29.5448,62.31,73.0,1014.0,0.0,6.29,ZA,1720915652.0
466,selfoss,63.9331,-20.9971,53.85,97.0,1014.0,100.0,16.84,IS,1720915654.0
467,pisco,-13.7,-76.2167,63.01,82.0,1014.0,0.0,14.97,PE,1720915655.0
468,khandud,36.9513,72.318,57.16,61.0,1010.0,99.0,4.61,AF,1720915656.0
469,akureyri,65.6835,-18.0878,54.63,79.0,1013.0,73.0,16.89,IS,1720915657.0
470,vila franca do campo,37.7167,-25.4333,66.61,99.0,1016.0,30.0,5.03,PT,1720915658.0
471,san antonio de pale,-1.4014,5.6325,72.59,81.0,1016.0,16.0,9.69,GQ,1720915659.0
472,kiskoros,46.6214,19.2853,79.95,53.0,1010.0,0.0,4.27,HU,1720915661.0
473,lawrenceburg,38.0373,-84.8966,84.09,61.0,1020.0,0.0,5.75,US,1720915662.0
474,north elba,44.2434,-73.9543,72.48,73.0,1020.0,57.0,1.01,US,1720915663.0
475,berbera,10.4396,45.0143,91.8,42.0,1005.0,95.0,18.12,SO,1720915664.0
476,luanco,43.6152,-5.7934,64.02,84.0,1012.0,46.0,5.99,ES,1720915665.0
477,kurnool,15.8309,78.0425,79.02,72.0,1003.0,100.0,19.19,IN,1720915666.0
478,fonte boa,-2.4959,-66.2662,73.71,97.0,1014.0,94.0,0.56,BR,1720915668.0
479,arish,31.1316,33.7984,79.27,71.0,1006.0,0.0,8.08,EG,1720915669.0
480,alsbach-hahnlein,49.7386,8.5958,63.16,80.0,1015.0,44.0,1.68,DE,1720915670.0
481,ulanhot,46.0833,122.0833,79.07,55.0,1010.0,50.0,2.62,CN,1720915671.0
482,sitka,57.0531,-135.33,58.89,88.0,1019.0,100.0,6.91,US,1720915590.0
483,fomeque,4.488,-73.8975,66.96,100.0,1022.0,98.0,1.43,CO,1720915674.0
484,anibare,,,,,,,,,
485,tofol,5.3248,163.0078,83.98,79.0,1009.0,75.0,12.66,FM,1720915676.0
486,bonthe,7.5264,-12.505,76.24,92.0,1014.0,98.0,11.45,SL,1720915677.0
487,twentynine palms,34.1356,-116.0542,104.05,16.0,1010.0,1.0,16.71,US,1720915679.0
488,cannonvale,-20.2833,148.7,65.59,53.0,1017.0,0.0,12.24,AU,1720915680.0
489,marat,25.0701,45.4615,89.08,16.0,1001.0,64.0,7.63,SA,1720915681.0
490,luwero,0.8492,32.4731,65.55,76.0,1013.0,33.0,2.35,UG,1720915683.0
491,kyren,51.6828,102.1408,64.0,70.0,1010.0,1.0,0.74,RU,1720915684.0
492,acarau,-2.8856,-40.12,77.54,73.0,1014.0,80.0,13.94,BR,1720915685.0
493,song cau,13.45,109.2167,75.79,90.0,1004.0,99.0,6.98,VN,1720915686.0
494,lycksele,64.5954,18.6735,49.87,93.0,1017.0,6.0,2.3,SE,1720915687.0
495,palmer,42.1584,-72.3287,80.51,77.0,1018.0,21.0,5.84,US,1720915688.0
496,kailua-kona,19.6406,-155.9956,84.27,78.0,1017.0,100.0,6.91,US,1720915690.0
497,kajaani,64.2273,27.7285,57.25,88.0,1017.0,75.0,11.5,FI,1720915691.0
498,la punta,-33.1837,-66.3127,41.0,41.0,1026.0,0.0,4.29,AR,1720915692.0
499,kimbe,-5.5502,150.1429,84.56,69.0,1010.0,98.0,10.0,PG,1720915693.0
500,nyagan,62.1406,65.3936,50.81,89.0,1016.0,95.0,5.57,RU,1720915694.0
501,elin pelin,42.6667,23.6,75.38,60.0,1015.0,0.0,4.16,BG,1720915696.0
502,portage la prairie,49.9728,-98.2926,76.89,51.0,1011.0,25.0,9.46,CA,1720915455.0
503,sao felix do xingu,-6.6447,-51.995,80.13,43.0,1013.0,81.0,0.47,BR,1720915698.0
504,nelson,-41.2833,173.2833,56.28,73.0,1028.0,79.0,7.0,NZ,1720915699.0
505,markaz-e hukumat-e darweshan,31.1323,64.1934,81.16,27.0,994.0,0.0,8.77,AF,1720915700.0
506,abeche,13.8292,20.8324,80.26,61.0,1012.0,100.0,10.76,TD,1720915702.0
507,kalyazin,57.2403,37.8433,61.02,99.0,1013.0,94.0,4.54,RU,1720915703.0
508,amble,55.3333,-1.5833,53.74,94.0,1011.0,100.0,18.41,GB,1720915704.0
509,kievka,50.2619,71.5514,64.78,71.0,1002.0,64.0,8.39,KZ,1720915705.0
510,pontianak,-0.0333,109.3333,75.18,100.0,1009.0,20.0,5.75,ID,1720915706.0
511,ilha solteira,-20.4328,-51.3425,72.75,53.0,1019.0,74.0,8.28,BR,1720915707.0
512,ciudad serdan,18.9833,-97.45,58.78,70.0,1021.0,94.0,14.79,MX,1720915708.0
513,andergrove,-21.0833,149.1833,64.65,49.0,1017.0,0.0,12.93,AU,1720915710.0
514,menongue,-14.6585,17.691,50.41,22.0,1020.0,4.0,1.99,AO,1720915711.0
515,coracora,-15.0333,-73.7833,47.75,26.0,1022.0,23.0,2.66,PE,1720915712.0
516,eureka,40.8021,-124.1637,59.25,79.0,1014.0,37.0,1.99,US,1720915607.0
517,camenca,48.0319,28.6978,75.24,42.0,1013.0,8.0,5.77,MD,1720915714.0
518,tutoia,-2.7619,-42.2744,78.57,82.0,1014.0,91.0,10.02,BR,1720915716.0
519,cold lake,54.4502,-110.2017,68.52,53.0,1010.0,89.0,10.78,CA,1720915717.0
520,kinablangan,7.6947,126.5503,76.6,83.0,1009.0,100.0,3.83,PH,1720915718.0
521,manaus,-3.1019,-60.025,81.09,78.0,1013.0,20.0,3.44,BR,1720915719.0
522,tahoua,14.8888,5.2692,91.44,42.0,1010.0,72.0,10.65,NE,1720915720.0
523,hachinohe,40.5,141.5,74.75,69.0,1015.0,86.0,5.53,JP,1720915721.0
524,east end village,,,,,,,,,
525,springbok,-29.6643,17.8865,40.26,96.0,1025.0,61.0,8.3,ZA,1720915724.0
526,zonguldak,41.25,31.8333,64.87,94.0,1009.0,2.0,2.82,TR,1720915725.0
527,labytnangi,66.6572,66.4183,51.58,74.0,1016.0,19.0,1.86,RU,1720915726.0
528,ipilan,8.8431,117.9033,79.14,85.0,1009.0,100.0,2.55,PH,1720915728.0
529,cururupu,-1.8283,-44.8683,71.73,98.0,1014.0,54.0,1.99,BR,1720915729.0
530,pandan,14.0453,124.1694,82.36,84.0,1008.0,100.0,3.76,PH,1720915730.0
531,devon,50.75,-3.75,52.68,92.0,1014.0,7.0,4.81,GB,1720915732.0
532,mount isa,-20.7333,139.5,60.57,41.0,1019.0,0.0,10.36,AU,1720915733.0
533,sahab,31.8721,36.005,68.9,66.0,1006.0,0.0,8.79,JO,1720915734.0
534,kalpatta,11.6106,76.0822,66.96,96.0,1009.0,99.0,1.95,IN,1720915735.0
535,alaghsas,17.0187,8.0168,93.0,34.0,1009.0,90.0,13.24,NE,1720915736.0
536,altamira,-3.2033,-52.2064,80.91,52.0,1013.0,71.0,2.28,BR,1720915738.0
537,jining,35.405,116.5814,79.0,68.0,1007.0,50.0,2.75,CN,1720915740.0
538,metlili chaamba,32.2667,3.6333,94.12,12.0,1009.0,0.0,10.6,DZ,1720915742.0
539,aranzazu,5.2712,-75.4904,62.26,63.0,1016.0,37.0,6.46,CO,1720915743.0
540,luganville,-15.5333,167.1667,82.2,77.0,1010.0,50.0,8.48,VU,1720915744.0
541,yarmouth,41.7057,-70.2286,75.15,96.0,1019.0,100.0,13.8,US,1720915745.0
542,changli,39.7042,119.1506,78.58,67.0,1009.0,82.0,6.06,CN,1720915747.0
543,noumea,-22.2763,166.4572,75.0,99.0,1011.0,47.0,7.18,NC,1720915748.0
544,saudarkrokur,65.7461,-19.6394,55.76,75.0,1011.0,97.0,22.24,IS,1720915749.0
545,bikenibeu village,1.3673,173.1241,84.06,71.0,1009.0,76.0,19.01,KI,1720915750.0
546,pangai,-19.8,-174.35,72.77,76.0,1015.0,54.0,16.06,TO,1720915751.0
547,beberibe,-4.1797,-38.1306,81.19,66.0,1015.0,81.0,15.59,BR,1720915753.0
548,piracuruca,-3.9281,-41.7092,77.86,48.0,1014.0,75.0,2.19,BR,1720915479.0
549,delvada,20.7667,71.0333,82.4,83.0,1000.0,98.0,17.85,IN,1720915755.0
550,marsh harbour,26.5412,-77.0636,83.77,82.0,1022.0,71.0,12.71,BS,1720915756.0
551,freeport,40.6576,-73.5832,81.99,81.0,1019.0,0.0,8.05,US,1720915757.0
552,lepsy,46.235,78.9456,76.82,44.0,1002.0,44.0,6.58,KZ,1720915758.0
553,pindiga,9.9833,10.9333,74.05,83.0,1013.0,83.0,5.37,NG,1720915760.0
554,hammerfest,70.6634,23.6821,50.45,87.0,1016.0,4.0,0.0,NO,1720915761.0
555,beipiao,41.7919,120.7792,78.89,60.0,1009.0,50.0,4.68,CN,1720915762.0
556,dunedin,-45.8742,170.5036,50.81,73.0,1028.0,5.0,5.99,NZ,1720915763.0
557,krasnozerskoye,53.9828,79.2374,63.77,81.0,1007.0,4.0,6.26,RU,1720915764.0
558,gallup,35.5281,-108.7426,91.24,21.0,1013.0,0.0,4.61,US,1720915765.0
559,antofagasta,-23.65,-70.4,56.48,79.0,1018.0,20.0,3.36,CL,1720915766.0
560,vozhega,60.4725,40.2213,56.01,94.0,1013.0,3.0,3.15,RU,1720915768.0
561,uttar char fasson,22.2332,90.7132,82.11,86.0,999.0,96.0,14.38,BD,1720915769.0
562,xilin hot,43.9667,116.0333,72.48,65.0,1008.0,2.0,7.74,CN,1720915770.0
563,myeik,12.4333,98.6,79.03,83.0,1007.0,100.0,12.5,MM,1720915771.0
564,krasnyy chikoy,50.3643,108.7512,65.73,67.0,1010.0,85.0,2.04,RU,1720915772.0
565,tazacorte,28.629,-17.9293,68.97,83.0,1015.0,100.0,11.5,ES,1720915773.0
566,rio de janeiro,-22.9028,-43.2075,68.0,94.0,1025.0,100.0,9.22,BR,1720915644.0
567,aleksandrovsk-sakhalinskiy,50.8975,142.1561,63.86,78.0,1013.0,65.0,9.17,RU,1720915776.0
568,nagqu,31.5,92.0,44.71,92.0,1007.0,100.0,2.75,CN,1720915777.0
569,leh,34.1667,77.5833,50.68,57.0,1007.0,48.0,4.16,IN,1720915778.0
570,villeneuve-sur-lot,44.5,0.6667,57.25,78.0,1013.0,59.0,5.79,FR,1720915779.0
571,vorkuta,67.5,64.0,50.04,78.0,1016.0,21.0,6.49,RU,1720915781.0
572,vingt cinq,,,,,,,,,
573,veroia,40.5233,22.2036,80.83,49.0,1013.0,0.0,1.01,GR,1720915783.0
574,kingscliff,-28.2667,153.5667,64.2,48.0,1013.0,23.0,1.14,AU,1720915784.0
575,kokofata,,,,,,,,,
576,rapid valley,44.0625,-103.1463,95.76,25.0,1012.0,0.0,6.91,US,1720915786.0
577,makokou,0.5738,12.8642,69.48,98.0,1015.0,67.0,2.57,GA,1720915788.0
578,tual,-5.6667,132.75,78.42,78.0,1012.0,90.0,19.86,ID,1720915630.0
579,bumba,2.1833,22.4667,72.01,96.0,1013.0,60.0,2.59,CD,1720915790.0
580,naqadeh,36.9553,45.388,71.49,57.0,1003.0,0.0,4.21,IR,1720915791.0
581,minas de marcona,-15.2119,-75.1103,50.74,85.0,1016.0,5.0,12.1,PE,1720915792.0
582,villa gesell,-37.2639,-56.973,42.06,63.0,1031.0,0.0,8.5,AR,1720915794.0
583,kayangel,8.0823,134.7173,81.25,78.0,1009.0,100.0,5.19,PW,1720915795.0
584,payson,40.0444,-111.7321,97.59,20.0,1011.0,0.0,24.16,US,1720915796.0
585,khadan khak,30.7477,67.7085,67.71,72.0,1003.0,0.0,3.78,PK,1720915797.0
586,rabo de peixe,37.8,-25.5833,65.71,99.0,1016.0,20.0,6.91,PT,1720915798.0
587,lubango,-14.9172,13.4925,57.74,22.0,1020.0,48.0,2.8,AO,1720915799.0
588,griffith,41.5284,-87.4237,85.89,82.0,1018.0,40.0,12.66,US,1720915801.0
589,la palma,33.8464,-118.0467,88.7,64.0,1013.0,0.0,11.5,US,1720915802.0
590,teguise,29.0605,-13.564,66.42,78.0,1015.0,20.0,16.11,ES,1720915803.0
591,al wasitah,29.3378,31.2056,84.11,35.0,1007.0,0.0,7.11,EG,1720915630.0
592,enkoping,59.6361,17.0777,60.91,93.0,1006.0,100.0,15.17,SE,1720915806.0
